batter,clutch,balls
V Kohli,12.237227210804122,9936
GJ Maxwell,10.63939309027046,3608
CH Gayle,9.975560583145125,4747
AB de Villiers,9.934087725356221,4597
SA Yadav,9.597855979576707,5075
JC Buttler,9.531601806171238,5851
RG Sharma,8.409146619902458,8506
SK Raina,7.640141369774938,5310
V Sehwag,7.580160704441369,2061
DA Warner,7.551386598497629,6927
Karanbir Singh,6.820920156256761,1392
TH David,6.366350444994168,1700
MR Marsh,6.12359016481787,2873
DA Miller,6.029142687038984,4402
Tilak Varma,5.676698363386095,2408
Q de Kock,5.629794907814357,4657
SS Iyer,5.596474539488554,4062
KA Pollard,5.557740072690649,3496
S Sesazi,5.496388744562864,1615
AD Russell,5.46834470515023,2183
KL Rahul,5.360939550213516,5790
N Pooran,5.307953999465099,3186
YK Pathan,4.971402673982084,2450
RR Pant,4.890012990683317,3581
Waseem Muhammad,4.751270160079002,1835
K Kadowaki-Fleming,4.749692973680794,1308
YBK Jaiswal,4.598371697589755,2121
Faisal Khan,4.564988544210792,851
Babar Azam,4.551224783062935,3597
SR Watson,4.541306628845632,3888
Shubman Gill,4.500712800800102,3856
Sikandar Raza,4.463556989067001,2049
Syed Aziz,4.460185679607093,1922
HAM Shah,4.413381644524634,1126
F du Plessis,4.350344312406378,4649
Abhishek Sharma,4.272351854451699,2308
MJ Guptill,4.217990885488689,2642
Bilal Zalmai,4.2076257141307,1013
K Bhurtel,4.112492109648883,1687
AJ Finch,4.111342185206013,3845
V Suryavanshi,4.056150913238525,500
S Dhawan,4.0382245648652315,6683
KD Karthik,4.0249763913452625,4086
FH Allen,3.8868241980380844,1103
Virandeep Singh,3.824511466547847,2422
Taranjeet Singh,3.7885043006390333,886
HG Munsey,3.7490678066387773,1763
KP Pietersen,3.7401316361501813,1536
Asif Ali,3.725390192150371,1355
Shahid Afridi,3.661318400874734,1168
DS Airee,3.631684218533337,1545
RR Patel,3.5530460961163044,1178
JP Inglis,3.493329574353993,971
H Klaasen,3.472698788973503,2018
AD Hales,3.4361255513504148,1583
R Satheesan,3.351547146216035,1046
RV Uthappa,3.2769775372289587,4070
Meet Bhavsar,3.276708004064858,1264
Mohammad Rizwan,3.237744703888893,2729
AR Patwa,3.2372897873283364,970
ML Hayden,3.160700723528862,998
TP Ura,3.157257515907986,1011
Luqman Butt,3.141104889131384,680
Mohammad Ihsan,3.1378737883933354,442
A Sharafu,3.10302240026067,1320
J Baker,3.0340015636757016,799
Adil Butt,3.0309264446841553,507
EJG Morgan,3.0105247627361678,2834
DR Smith,2.9863893231668044,2255
SV Samson,2.9554852349683642,4658
PD Salt,2.832036350853741,1793
Sami Sohail,2.8022353173873853,1005
JA Morkel,2.7850073474110104,1044
MWR Stokes,2.7671371400356293,709
JM Bairstow,2.7447686679661274,2396
AS Samra,2.742494525387883,476
Zeeshan Ali,2.735816118278308,1148
MEK Hussey,2.7329968735575676,2135
MG Erasmus,2.7179825231723953,1677
V Ravindran,2.6526352605142165,581
KC D'Souza,2.6267675291746855,336
Faheem Nazir,2.600175639614463,525
RA Tripathi,2.5865415465377737,1755
E Lewis,2.581775737024145,1514
R Powell,2.533512800873723,2039
KJ Stagno,2.4960489505610894,413
P Khadka,2.4510272434563376,560
A Mundra,2.419258141890168,485
Sohail Ahmed,2.397448943927884,1543
PV Vuniwaqa,2.3705718060955405,372
D Brevis,2.312637853436172,844
JW Jenner,2.2848707865923643,918
MDKJ Perera,2.2705798791721463,1662
S Dube,2.2574857195140794,2203
GA Priandana,2.1880263844504952,1576
SO Hetmyer,2.18545687009464,2160
Sarfaraz Ali,2.1714745862409472,524
F Damiao Couana,2.1325314361893106,450
G Stewart,2.1313768700056244,343
Abdul Waheed,2.1212302251078654,945
N Rana,2.111517866171198,2322
Musaddiq Ahmed,2.0964843463152647,371
Saber Zakhil,2.0929314717650414,461
Asif Khan,2.076515864551766,901
BA Stokes,2.0605509001761675,1141
JP Duminy,2.0518254674971104,3101
RD Gaikwad,2.039176185586257,2570
S Davizi,2.029559813439846,682
SR Tendulkar,2.0275517888367176,2057
TM Head,2.0193840386345983,1761
Sahil Chauhan,2.0174900153651834,303
Fakhar Zaman,1.9851715881377459,1838
II Selemani,1.9757088692858815,992
TL Seifert,1.9708652776025701,1536
E Dusingizimana,1.9576080152473878,758
Bilal Tahir,1.9546651430428028,532
DPMD Jayawardene,1.9449283303983975,2463
Aqib Ilyas,1.919584196060896,1028
JJ Smit,1.9012292362749577,852
RD Rickelton,1.8933077417314053,957
Zubaidi Zulkifle,1.8759042276069522,729
R Tewatia,1.8734348770522047,986
SPD Smith,1.867556276731193,2833
Riazat Ali Shah,1.8659660601988435,1149
KJ O'Brien,1.8657601047016215,1207
Babar Hayat,1.8520621843344998,1801
RG Mukasa,1.827204940840602,821
Imran Nazir,1.8247831165790558,377
Shadab Khan,1.7842840291268658,618
A Symonds,1.7730878796137404,985
BN Cooper,1.7413535275845788,899
Hamza Khan,1.7399445278279018,747
R Parag,1.7398844584531616,1429
Ashutosh Sharma,1.6874959729902912,328
Ahmer Bin Nisar,1.686072583310306,1066
CV Anto,1.666965533979237,602
Anshuman Rath,1.6417706301435828,1766
BKG Mendis,1.63699476790498,1902
E Chigumbura,1.6325215761607978,518
DJG Sammy,1.621539657964604,652
NLTC Perera,1.6011808766052127,1068
C Green,1.5967988474585582,1139
HH Pandya,1.585758647910552,3656
T Manders,1.575832825154066,605
D Norotam,1.571237787604332,405
YS Samra,1.554663710296154,322
DJ Malan,1.5508125014603138,1397
Saad Bin Zafar,1.5497356159321498,371
Mohammad Nawaz,1.5349167781532742,561
V Saini,1.5245994478755165,1051
YS Chauhan,1.5236731097102165,441
BJ Bennett,1.5219791196286678,1200
PR Surve,1.5197341219172813,807
E Beukes,1.5130717130377889,418
RM Patidar,1.5084957480430603,1003
Zeeshan Kukikhel,1.501974083512323,430
Naseem Khushi,1.5000761495903134,375
MD Shanaka,1.495062328845961,1579
Haider Butt,1.491793120309012,1077
A Vala,1.4867230160161853,1147
BB McCullum,1.4798769606277347,3684
M Shahrukh Khan,1.4739069189672591,538
AK Markram,1.4605823866440915,2521
Raghav Dhawan,1.456035953015089,474
MS Dhoni,1.4302217973745428,5351
MPGT Ketiyage,1.4267249666154385,544
Muhammad Usman,1.4072181312658358,807
MTMMJ Ave,1.3946383483707905,469
Muhammad Asim,1.3883384159125853,668
Sulaimon Runsewe,1.3825758155144285,1251
CA Lynn,1.3598977671936154,1094
G Mckeon,1.349420165643096,658
P Pushparajan,1.3455112986557651,389
Priyansh Arya,1.3380566276609898,420
Fiaz Ahmed,1.327506309375167,1247
Shaheryar Butt,1.3168871207453776,538
MR Swart,1.3047821819782257,472
VP Thamotharam,1.2954159052751493,858
Hamza Dar,1.284420408308506,460
G Singh,1.2815715800970793,371
R Sandaruwan,1.272929958999157,1117
HC Brook,1.2695444514974952,1053
A Johnson,1.2659811498597264,595
N Davin,1.255092278122902,673
T Sandeep,1.2494807605980895,300
P Simran Singh,1.249270192347467,1130
MD Patel,1.2489181775599718,660
B Niaz,1.2484780550003052,513
Saim Ayub,1.2364936610683799,901
K Motlanka,1.2326588332653046,1178
LF Muller,1.2317766128398944,381
BJ Hodge,1.2104649161628913,1271
Umar Akmal,1.1995012071274687,1376
GD Phillips,1.1963471034832764,1587
B George,1.1951309032738209,519
Umar Adam,1.1770237991877366,473
D Gumyusenge,1.1759152011945844,424
CO Obuya,1.1687643789045978,1170
SP Narine,1.1573484874679707,1297
JJ Huo,1.1557404715567827,500
G Gambhir,1.147631173953414,4193
M Akayezu,1.1461469838686753,413
T Jamtsho,1.1386332260735799,476
KS Leverock,1.1280042510479689,461
DM Nakrani,1.123754289932549,788
B Bhandari,1.0878077633969951,314
VD Adewoye,1.0784950870729517,388
Ravinderpal Singh,1.0764933954924345,453
Shaiman Anwar,1.071564202196896,535
C Munro,1.0641703577712178,1215
D Doyle-Calle,1.0621595364063978,482
H Deshan,1.039890494197607,335
KR Mayers,1.030732716433704,813
Razmal Shigiwal,1.0243910420977045,607
B Sai Sudharsan,1.0196559457399417,1707
MP O'Dowd,1.0146635016426444,1904
Towhid Hridoy,1.0100925238220952,940
SR Mukkamalla,1.00358210131526,446
GR Adair,1.0029415302269626,330
TP Visee,1.0024022832512856,339
VS Padhaal,0.992716901935637,546
Karan KC,0.9914425843744539,324
AJ Mosca,0.9792467802762985,419
T Banton,0.9735076474025846,390
Dylan Steyn,0.9677834399044514,430
M Gogev,0.9674700247123837,411
Lakshit Gupta,0.9594768192619085,523
Bilal Masud,0.9560926547273993,396
VR Iyer,0.9506625504873227,1282
PW Borren,0.9481854811310768,381
OGL Bascome,0.9435571292415261,378
Mushfiqur Rahim,0.940043557464378,1133
DMW Rawlins,0.939642255223589,807
Ikramullah Khan,0.9382658544636797,309
Rashid Khan,0.9350250251882244,440
MN Waller,0.9319023014686536,365
S Bau,0.9308200199448038,1011
Muhammad Muneeb,0.9100029990077019,479
N Vanua,0.9094401113688946,460
AV Lazarus,0.9087548134848475,737
Imran Anwar,0.9020842034078669,810
WAE Burton,0.8931002849712968,400
I Danladi,0.8883439171768259,1098
P Mishra,0.8852788768708706,405
Sahibzada Farhan,0.8837648835033178,953
Walid Ghauri,0.882822928018868,716
I Liyanage,0.8733499124646187,877
RD Berrington,0.8660455187782645,1542
A Donovan,0.85891851503402,316
P Silas,0.8558803051710129,411
S Wickramasekara,0.8397258967161179,338
BJ McMullen,0.8348975768312812,555
MS Wade,0.8233733744709753,1076
J Butler,0.8222936149686575,732
Ahmed Aqeel,0.809910135314567,493
KC Ramamoorthy,0.8095874581194948,409
LS Livingstone,0.8080531898885965,1344
KH Pandya,0.8031882252253126,1603
NR Kumar,0.7992608109489083,543
D Visser,0.7600628612563014,611
Omid Mailk Khel,0.7559876143932343,393
Sameer Rizvi,0.743816857226193,304
Zeeshan Maqsood,0.7371457926928997,1018
SP Gomes,0.7353323400020599,423
PP Shaw,0.7236534040421247,1296
MS Chapman,0.713561547891004,1313
T Nightingale,0.7134994967200328,466
JN Frylinck,0.7109343511983752,1054
RN ten Doeschate,0.707084221765399,534
RR Rossouw,0.7055838229134679,813
S Sohal,0.7048201709985733,339
Jaspal Singh,0.7011895906180143,656
PR Stirling,0.6990995705127716,2281
JG Bethell,0.6963110668584704,584
K Mishara,0.6954356767237186,401
AT Rayudu,0.6812798893661238,3533
LA Dunbar,0.6794671183160972,804
MJ Richardson,0.6794237047433853,502
S Thakor,0.6740353955246974,308
Muhammad Tanveer,0.6680372273840476,986
Habib Khan,0.6625084654078819,403
TM Dilshan,0.6620241775817703,2474
NS Dhaliwal,0.6514110742136836,970
Esam Rahman,0.6511402018368244,315
PJ Cummins,0.6304515935771633,561
JDS Neesham,0.6257225424051285,845
SR Taylor,0.6230451418086886,565
Junaid Aziz,0.6184524540149141,694
Aslam Khan,0.6182974819093943,301
BFW de Leede,0.6086129788309336,844
GH Dockrell,0.6028274902782869,881
NA Greenwood,0.5987980961799622,675
Manan Ali,0.590120336972177,497
IA De Silva,0.5897001419216394,501
Zahir Mohammed,0.5856849458068609,308
AR Ramjani,0.585388895124197,560
C Campher,0.5750607745721936,778
M Levitt,0.56886425614357,686
G Gune,0.5535601563460659,346
Shayan Jahangir,0.5445664329745341,351
Shoaib Khan,0.5366820115887094,435
NR Kirton,0.5346045447513461,581
L Yamamoto-Lake,0.5344685046293307,565
N Dickwella,0.5305807581171393,348
R Bakum,0.5157356299750973,415
DJM Short,0.5150866759940982,569
N Nipiko,0.5133131277107168,751
Kamran Akmal,0.5125947250053287,907
SA Asnodkar,0.5060713291168213,352
KJ Coetzer,0.5035363286442589,959
Sabbir Rahman,0.5018171929114033,781
Shan Masood,0.4970133294700645,334
Soumya Sarkar,0.4968231375969481,1170
HM Amla,0.4924158975481987,1348
Zubair Ali,0.4919256642460823,339
L Lamin,0.48919562812079675,603
KN Chaddha,0.4876969736069441,444
Saim Hussain,0.4833006579428911,339
KC Sangakkara,0.483014564961195,2569
CH Morris,0.48248110062559135,490
S Austin,0.4660450220108032,372
PBB Rajapaksa,0.4614457488642074,696
Washington Sundar,0.44797046299208887,921
Zain Ul Abidin,0.4462432368309237,305
PA Raikes,0.4461856251291465,560
GJ Delany,0.44131624326109886,765
Sher Sahak,0.4366443548351526,349
IKEG Artawan,0.43115900360862724,501
AGS Gous,0.4256387194618583,518
SA Jumbe,0.42096316345850937,435
Saeed Ahmed,0.41963937506079674,314
Aqib Iqbal,0.4182565920345951,790
RM Dorji,0.41053122933954,609
A Ferguson,0.4075568894913886,528
M Shumba,0.40695835556834936,321
SE Marsh,0.4032536083541345,2117
WTS Porterfield,0.397719723143382,660
Jaker Ali,0.38738952021230944,566
Usman Khan,0.38106109481304884,793
Yasim Murtaza,0.37593653332442045,759
HE van der Dussen,0.3741241302632261,1154
RK Singh,0.37251021806150675,1393
Abishek Porel,0.34682282991707325,538
JM Vince,0.3449925407767296,351
R Mazumder,0.34249567054212093,791
A Turay,0.34146764781326056,303
JM Sharma,0.34080484545847867,824
JN Loftie-Eaton,0.34026830550283194,552
J van Heerden,0.33984542824327946,319
RP Burl,0.3341508722805884,1349
I Takahashi,0.32340573985129595,508
CJ Anderson,0.3233484589145519,1003
KJ Ferrary,0.32310037876595743,305
L Bruce,0.3086468409455847,1124
M van Lingen,0.30009542126208544,405
TLW Cooper,0.2984221810474992,475
Mohammad Ahnaff,0.28892448637634516,404
A Mansale,0.2885322794318199,594
Ahmed Hassan,0.2835763730108738,741
T Marumani,0.27811811212450266,1019
AP Yadav,0.2762582088180352,1039
MA Leask,0.2727990550920367,679
Shashank Singh,0.2655398491478991,588
WG Jacks,0.26205310598015785,812
SJ Myburgh,0.2615728825330734,649
Zeeshan Khan,0.2530393898487091,854
TG Southee,0.24767965168575756,308
ZM Tribe,0.24439672101289034,408
AR Naidoo,0.24045591146568768,553
Shahbaz Ahmed,0.23575521260499954,516
S Chandramohan,0.23538660537451506,938
P Baron,0.23376395646482706,703
Mohammad Nadeem,0.23065241519361734,737
Mahmudullah,0.22844308058847673,1879
Nithish Kumar Reddy,0.22743355110287666,618
AM Nayar,0.2241748002707027,588
CR Brathwaite,0.2230350645550061,366
T Munyonga,0.22048592098872177,348
A Ashokan,0.21168711042264476,486
KD Kesuma,0.21053331621806137,1155
M Campopiano,0.20920219738036394,411
A Raghuvanshi,0.20659792516380548,621
BI Dilruksha,0.20211469754576683,389
HJ Manenti,0.20120928436517715,373
H Carlyon,0.1980924131348729,669
DS Bajwa,0.19742069393396378,350
V Ganesan,0.18742155004292727,456
CL White,0.17459605255862698,1483
K Nassoro,0.16834815498441458,865
AM Kimote,0.1670975163578987,310
MP Stoinis,0.1589630881207995,2495
DM Gondaria,0.14848470408469439,386
S Gooch,0.148151446133852,479
Yasir Ali,0.14550909399986267,663
ST Jayasuriya,0.1434630947187543,1040
PK Matautaava,0.13743430376052856,334
Afif Hossain,0.13176048354944214,852
J Mees,0.13052968308329582,502
J Coetzee,0.12991720813442953,361
M Vohra,0.1288822628557682,852
Usman Khalid,0.12499897088855505,354
AM Tribe,0.12300378084182739,366
KIC Asalanka,0.11375609505921602,1074
Mohammad Hafeez,0.11239408235996962,2102
Faisal Mubashir,0.11149023286998272,434
Abdul Razzaq,0.10892980266362429,339
KS Williamson,0.1082470137916971,3679
OB Nightingale,0.10732995346188545,384
AA Obanda,0.09760840237140656,566
NJ O'Brien,0.0935777872800827,305
MK Lomror,0.09169161223690026,389
CK Kapugedera,0.09056216385215521,607
G Burrows,0.0841302378103137,376
IA Karim,0.06473142284085043,1051
SJ Baard,0.0629686713218689,607
L Tucker,0.05700698963482864,1206
Gurkeerat Singh,0.05670309902052395,415
V Balakrishnan,0.05578332574805245,642
DJ Hooda,0.046686421148478985,1456
Shamim Hossain,0.04284372087568045,385
TB Robinson,0.03985694044968113,483
Saud Islam,0.0327869514003396,415
MR Adair,0.02355760708451271,627
A Dizija,0.016158957063453272,609
S Ivetic,0.013694752909941599,446
D Suzuki,0.006870378740131855,405
K Irakoze,0.006319694221019745,322
CN Ackermann,-0.0007665259763598442,524
Shoaib Malik,-0.004792915686266497,1988
B Ward,-0.0056197997473645955,475
Gulsan Jha,-0.0058549996465444565,472
Usman Patel,-0.006449808395700529,845
Ahmed Shehzad,-0.007443827576935291,1276
MJ Santner,-0.0079806818976067,953
MA Agarwal,-0.013023911975324154,2124
T Parima,-0.014871322549879551,350
SS Tiwary,-0.016358915658202022,1265
R Abdulkareem,-0.026258863537805155,308
DK Mathias,-0.027974111028015614,332
MG Bracewell,-0.0294904709153343,392
Abdul Samad,-0.0319289703911636,689
SR Bhudia,-0.03311091192881577,529
Ahmed Faiz,-0.03666285611689091,1392
Aritra Dutta,-0.04123149998486042,532
D Kansonkho,-0.04200767073780298,609
B Arora,-0.045314076385693625,771
S Nadigotla,-0.04592025559395552,390
OA Shah,-0.04909707698971033,687
Naman Dhir,-0.049557178310351446,434
US Hathinjar,-0.05189137998968363,408
Shahid Wasif,-0.05488077734480612,436
D Wiese,-0.06026153257698752,548
ND Laegsgaard,-0.0751599594950676,318
AN Lascu,-0.0782503001682926,332
BM Duckett,-0.07879520952701569,354
MJ Lumb,-0.08426108027924784,563
MW Short,-0.08631804399192333,424
V Vijh,-0.092218458710704,726
Aziz Mohammad,-0.09925639629364014,347
LN Oluoch,-0.10022850800305605,313
D Abeyrathna,-0.10042268317192793,658
AP Rajeevan,-0.10362501721829176,784
Lalit Yadav,-0.1059580072760582,301
PHKD Mendis,-0.1089346353255678,606
Rameez Shahzad,-0.1119037214666605,310
CPPM Sadun,-0.11220855824649334,334
Sarfraz Ahmed,-0.11468788146157749,671
JP Kotze,-0.11992801818996668,708
SA Okpe,-0.12012937015970238,777
V Aravind,-0.12760797984083183,736
LM Jongwe,-0.13157340697944164,405
Nizakat Khan,-0.13257482094923034,1924
W Boshoff,-0.13352592196315527,577
AC Gilchrist,-0.1337194237858057,1758
Yuvraj Singh,-0.13802743799169548,2957
JE Root,-0.1417079260572791,734
C Roberts,-0.14565947838127613,634
S Muniandy,-0.1465683402493596,994
D Myers,-0.14976174480398186,430
W Barresi,-0.15796891320496798,636
Sufyan Mehmood,-0.15915562681038864,305
SM Curran,-0.16199015459278598,1250
Hammad Mirza,-0.1619985792785883,429
Azhar Mahmood,-0.16474223692785017,311
SN Thakur,-0.16671973929624073,313
Shah Abrar Hussain,-0.17018051448394544,343
DA Blignaut,-0.17654971408774145,392
RA Sealy,-0.18065862078219652,400
Isa Zaroo,-0.18323096632957458,380
H Singh,-0.18347171597997658,657
Avishka Iroshan,-0.18717250227928162,403
A Shreshta,-0.18973184004426003,346
N Wadhera,-0.1898802798241377,583
Imran Ali Butt,-0.19002120196819305,431
S Maduranga,-0.19018078965018503,302
Parvez Hossain Emon,-0.19308990612626076,487
R Obuya,-0.19424650073051453,438
Surya Anand,-0.21321793465176597,369
G Malla,-0.21383669693022966,659
Milind Kumar,-0.21420445386320353,362
YSD Seneveratne,-0.21438808552920818,649
K Waiswa,-0.222469599917531,555
J Barker,-0.2247353400744032,448
TL Suman,-0.23939251899719238,587
TS Fray,-0.2395987361378502,631
Janak Prakash,-0.2436747877218295,415
AL Menaria,-0.24598905444145203,367
M Podosky,-0.255853333423147,508
A Badoni,-0.2597498428367544,850
T Tshose,-0.26319588351179846,385
Sompal Kami,-0.266272465698421,352
S Jora,-0.2725782608613372,425
PM Seelaar,-0.27436775344540365,483
KK Nair,-0.2779870079830289,1288
DL Vettori,-0.27812302950769663,315
D Ferreira,-0.2796938195824623,345
A Gbla,-0.28464587120106444,320
Abbas Ghani,-0.29395179357379675,480
RN Patel,-0.3055271012999583,652
Aasif Sheikh,-0.3065681755542755,1509
T Bharaj,-0.3076439387514256,649
M Syahadat Ramli,-0.3123456555767916,534
N Mugabe,-0.31235033739358187,412
D Ramdin,-0.31471286338637583,479
PD Collingwood,-0.3147350875369739,570
A Natubhai Ahir,-0.31713543366640806,349
OH Agbomadzie,-0.3180144858197309,614
P Sharma,-0.3185698809684254,314
RL Chase,-0.32314127872814424,699
A McAuley,-0.3242045044898987,402
LJ Wright,-0.3246077327057719,503
K Hinds,-0.33029875441570766,339
PC Valthaty,-0.332539688795805,432
J Botha,-0.3327174289152026,533
Liton Das,-0.34004178739269264,1765
MM Ali,-0.345626343972981,1679
MS Bisla,-0.3466746136546135,737
C Chatphaisan,-0.3476454820483923,685
F Behardien,-0.34848320388118736,415
JK Vifah,-0.3561381073377561,306
RB Patel,-0.36119575798511505,753
NM Odhiambo,-0.36503586638718843,344
Tanzid Hasan,-0.37187208235263824,845
STR Binny,-0.38436617792467587,730
C Connolly,-0.38546715397387743,391
Chirag Suri,-0.3856043517589569,654
Saif Hassan,-0.39049646627972834,366
BJ Haddin,-0.3906324077688623,371
DJ Bravo,-0.39374650915851817,2288
Iftikhar Ahmed,-0.39592757262289524,704
Salman Butt,-0.396842360496521,585
CR Ervine,-0.3995136153243948,1292
Mohamed Rishwan,-0.4019902879081201,373
Mohamed Azzam,-0.4051713878288865,308
Pargat Singh,-0.40659254137426615,379
Anamul Haque,-0.41156383976340294,323
T Stubbs,-0.4201176995411515,1290
I Niyomugabo,-0.42392352133174427,572
Ishan Kishan,-0.43152532912790775,3604
MNM Aslam,-0.4331128913909197,708
P Kumar,-0.4351250994950533,339
CK Jasmat,-0.4444373967126012,346
SA Edwards,-0.44885400679777376,1016
Faheem Ashraf,-0.45184708572924137,408
DC Smith,-0.4637203654565383,505
E Niyomugabo,-0.4677509739995003,303
Noman Amjad,-0.4711382770910859,330
Mohammad Haris,-0.47972308099269867,363
MC Henriques,-0.4804018130816985,1051
JO Holder,-0.48462245511473157,911
S Thanikaithasan,-0.48577948193997145,384
A Sharma,-0.48900266736745834,387
Saqlain Arshad,-0.4902067109942436,457
Irfan Hafejee,-0.496675250120461,362
R Shepherd,-0.4990986604243517,808
Talha Khan,-0.500218958593905,458
A Patmore,-0.5047426354140043,472
SC Ganguly,-0.5098574813455343,1318
RK Paudel,-0.5098806508467533,1487
Manpreet Singh,-0.5099198437237646,1144
KV Sharma,-0.5177157875150442,306
AA Onikoyi,-0.5177457984536886,404
R Dravid,-0.5183939374692272,1939
JP Faulkner,-0.5266001271083951,548
Shiraz Khan,-0.5283209542103577,331
RA Jadeja,-0.530021254933672,3206
EC Joyce,-0.5314201591536403,322
KM Jadhav,-0.5356664331920911,1102
WA Young,-0.5420077247545123,312
IDM Latin,-0.5469483928463887,668
JC Archer,-0.5551755595952272,326
GD Arta,-0.5562104219279718,651
Younis Khan,-0.561231140018208,354
TC Barker,-0.5725992080115248,646
M Kasselman,-0.5866934331425,408
SD Hope,-0.5878233537077904,1298
H Thaker,-0.5923329098150134,573
IDA Damarell,-0.5970826148986816,424
JR Hopes,-0.5993410302326083,407
NG Collins,-0.600101750344038,337
Rohan Mustafa,-0.6042925938672852,587
JJ Roy,-0.6065688673406839,1581
R Ravindra,-0.6111226715438534,855
SE Rutherford,-0.6115028038911987,992
C Kieswetter,-0.6151844691485167,437
M Coetzee,-0.6242964938282967,409
GJ Bailey,-0.6257954407774378,818
C de Grandhomme,-0.6295800702646375,580
S Ravichandran,-0.6301651177927852,830
JEC Franklin,-0.6328308032825589,683
HER Tyler,-0.6414314759604167,341
Selim Salau,-0.6458132052794099,739
K Rabada,-0.6471107965044212,418
Nasir Jamshed,-0.6575329080224037,303
Misbah-ul-Haq,-0.6586790923029184,802
Thuya Aung,-0.6646195659413934,511
R Dianish,-0.6744464468210936,339
Aizaz Khan,-0.6787268789194059,976
GK Ghalley,-0.6872806027240586,344
Hussain Talat,-0.6873868629336357,401
RR Hendricks,-0.6914158137806226,1860
Musa Shaheen,-0.6925954483449459,436
Khizer Ahmed,-0.6935864472470712,679
Hisham Sheikh,-0.696968865551753,421
J Rasu,-0.6998088053078391,611
SW Billings,-0.7130011590197682,742
D Padikkal,-0.7197395171970129,1792
L Canessane,-0.7200732380151749,384
F Banunaek,-0.7205023765855003,389
TWM Latham,-0.722996960306773,548
S Chanderpaul,-0.7265170961618423,365
Mehedi Hasan Miraz,-0.7319958163425326,348
Nurul Hasan,-0.7321239076845814,405
M Vijay,-0.7370386487164069,2286
Ahmad Ramdoni,-0.758933243341744,953
Agha Salman,-0.7649378413334489,683
DJ Mitchell,-0.7665916624537203,1562
Aarif Sheikh,-0.7678926168009639,520
CJ Chibhabha,-0.7694794284470845,414
DM Bravo,-0.7733050370588899,375
MV Boucher,-0.773688901157584,597
Vikramjit Singh,-0.779023788869381,357
MO Kitunda,-0.7800158569298219,515
SO Ngoche,-0.7975145690143108,441
WU Tharanga,-0.8136217836290598,338
S Pradhan,-0.8138822131149936,385
DJ Hawoe,-0.8198930816724896,535
SKS Gill,-0.8227826831571292,792
CA Pujara,-0.8303590975701809,403
Mahmud Jasat,-0.8306293338537216,319
LR Shukla,-0.8360899658873677,324
Aamir Kaleem,-0.8370545953512192,553
CS MacLeod,-0.8396519776433706,861
CG Williams,-0.8474590425612405,688
SC Williams,-0.848729413934052,1242
DP Conway,-0.8665095027536154,2111
Aman Desai,-0.86743105010828,469
S Hook,-0.8739310102537274,372
C Rububagumya,-0.8740113154344726,772
Ehsan Khan,-0.8747883550822735,337
Jatinder Singh,-0.8789989203214645,1120
A Randhawa,-0.8817831594205927,541
SA Ahmad,-0.8830075552687049,656
KD Shah,-0.8846663516014814,661
G Kansonkho,-0.8896448928571772,417
IO Okpe,-0.8965252656198572,728
HV Patel,-0.8970782746910118,309
RE van der Merwe,-0.9005112433515023,571
SB Styris,-0.9017215966887306,627
GH Vihari,-0.908365024253726,331
B Masaba,-0.9172951271757483,364
Shakib Al Hasan,-0.9173226207203697,2491
JO Adedeji,-0.9202132634236477,824
DB Ravi Teja,-0.923593488521874,325
J Mosca,-0.9277748530730605,345
VB Chikkannaiah,-0.9285594001412392,421
M Manhas,-0.929800824233098,486
BRM Taylor,-0.9560081810050178,903
IK Pathan,-0.9636130025319289,1094
DM de Silva,-0.9649978606030345,699
J Bangura,-0.9668085165321827,652
RW Chakabva,-0.9701322466135025,467
JP Kaltapau,-0.9747287798672915,387
Khushdil Shah,-0.978564130171435,411
BM Pecic,-0.987160029791994,310
Festus Benn,-0.998332622461021,362
Y Saranonnakkun,-1.0009656688198447,350
SSM Stanislaus,-1.0098190549761057,488
T Perera,-1.0098373125656508,514
P Nissanka,-1.0188570525497198,2143
GP Meade,-1.0265575712546706,352
LH Rodrigues,-1.0500480169430375,304
Arjun Vinod,-1.0619800705462694,592
S Movva,-1.082995880395174,355
RT Ponting,-1.0875950008630753,440
S Vijay Unni,-1.089478300884366,373
Waji Ul Hassan,-1.0908294143155217,482
JD Ryder,-1.0952393263578415,801
A Kirschbaum,-1.1000532097823452,416
E Sebareme,-1.100402872019913,353
A Mishra,-1.1204840838327073,440
Haider Ali,-1.123181754752295,454
Kuldeep Yadav,-1.136924662598176,336
AK Mohan,-1.1376724606379867,491
ZE Green,-1.1414759531617165,636
Abhijeet Ahuja,-1.155388011597097,355
O Olaleye,-1.1699490938335657,358
AA Senn,-1.1825814731419086,507
Khawar Ali,-1.1850452199578285,442
R Chopra,-1.1936212554574013,570
J Singye,-1.207458784832852,485
SP Goswami,-1.2090748567134142,307
Raza Iqbal,-1.2131919637322426,313
W Miyauchi,-1.223498315550387,412
J Bulele,-1.2379452576860785,492
HA Jackson,-1.274839760735631,371
W Niyitanga,-1.2810102896764874,571
GC Wilson,-1.2827396932116244,805
PP Chawla,-1.291428995289607,571
N Tanner,-1.2941697370260954,339
HT Tector,-1.3172261528961826,1327
Gaurav Tiwari,-1.3180543333292007,453
Arslan Amjad,-1.325719531683717,357
R Rohan,-1.3323995042592287,405
Harbhajan Singh,-1.3477617567405105,730
DJ Hussey,-1.350200952962041,1734
Basil Hameed,-1.3568682606273796,571
P Suanchuai,-1.358721075579524,301
Namgay Thinley,-1.377133863978088,410
JDP Oram,-1.384404385520611,448
R Nehonde,-1.3910248950123787,768
RR Sarwan,-1.3956961631774902,365
Aaron Jones,-1.3968983432278037,604
UBT Chand,-1.39912352245301,314
S Periyalwar,-1.4008631771430373,446
Nazmul Hossain Shanto,-1.4028230402618647,815
Shantanu Kaveri,-1.4113906910642982,393
C Madande,-1.4202990652993321,520
P Kurup,-1.4224848430603743,1291
WP Saha,-1.4303085869469214,2309
MN Samuels,-1.4461544723890256,1359
S Badrinath,-1.4476194670132827,1224
CJA Amini,-1.4488943153992295,729
Mahedi Hasan,-1.4732262315228581,416
S Singh,-1.4780599605001044,615
PWH de Silva,-1.486490987270372,619
MH Cross,-1.491775879636407,1079
Mukhtar Ghulami,-1.492143228650093,300
Khin Aye,-1.4929545251943637,332
Dhruv Jurel,-1.5026736129075289,824
Pyae Phyo Wai,-1.5129228672303725,483
Umer Imtiaz,-1.5285437181591988,406
V Sibanda,-1.536948285996914,498
R Coker,-1.5544492434710264,392
MK Pandey,-1.5661229882389307,3942
V Mbazo,-1.58407943698694,409
L Siaka,-1.5923906015232205,770
Tenjin Rabgey,-1.606718405178981,585
T Bavuma,-1.6276758089661598,551
SN Khan,-1.6465686587325763,534
Imad Wasim,-1.6503639305592515,338
HH Gibbs,-1.6514092776924372,1160
DR Patankar,-1.6522881370037794,319
V Shankar,-1.6584869278594851,1034
Mohammad Naim,-1.6594324139878154,790
WIA Fernando,-1.6945360340178013,382
B Kumar,-1.6975670829124283,476
Ali Masood,-1.7215091437101364,451
J Charles,-1.73030761256814,1109
MK Tiwary,-1.733241616806481,1467
H Lakov,-1.7534853434190154,824
IK Gamantika,-1.7550384299829602,1140
Kushal Malla,-1.7860088273882866,829
KK Lin Thu,-1.797512865596218,417
Sheraz Sheikh,-1.8302924735471606,370
NL McCullum,-1.8315245044359472,326
Y Jalloh,-1.845225214085076,341
AM Rahane,-1.8467625072225928,4627
CJ Jordan,-1.854505312629044,401
LMP Simmons,-1.8568618101999164,2030
M Taylor,-1.864931060030358,682
Ayan Khan,-1.8849892504513264,531
MJ Clarke,-1.9434183556586504,551
BA King,-1.9537349455058575,1394
SK Awiah,-1.961603564210236,413
Y Venugopal Rao,-1.9663939578749705,864
M Jansen,-1.9786958116746973,342
LRPL Taylor,-2.040132912894478,2380
D Ajekun,-2.0528878467157483,511
O Tuyisenge,-2.0585061470628716,989
Muhammad Amir,-2.05991956035723,500
DT Christian,-2.0742346131592058,491
AR Patel,-2.163194202905288,2210
MB Kruger,-2.232205705717206,439
H Masakadza,-2.2411227011180017,1092
Imal Zuwak,-2.3330863397568464,676
W Madhevere,-2.3374052932776976,1001
A Balbirnie,-2.3423740305006504,1581
ADS Fletcher,-2.3489991780079436,795
Anjar Tadarus,-2.3867534537857864,852
R Ashwin,-2.4629137515148614,885
S Desungnoen,-2.5149039942771196,474
MD Gunathilaka,-2.6830466352403164,596
KH Prajapati,-2.6847403831779957,785
AD Mathews,-2.9136724127165508,1694
RS Bopara,-3.0432006177143194,977
A Limdawala,-3.083568054251373,556
LD Chandimal,-3.206039136275649,999
GC Smith,-3.2397943921387196,1406
NV Ojha,-3.4638609774119686,1319
S Houghton,-3.7015811577730346,316
JH Kallis,-3.8169391303672455,2734
Tamim Iqbal,-3.995322831935482,1263
O Manishimwe,-4.089169246028177,1142
Mandeep Singh,-4.211082630761666,1496
Azyan Farhath,-4.229752129002009,880
PA Patel,-4.233743037097156,2413
BA Pai,-4.3765633757575415,928
D Ndikubwimana,-5.248444219061639,1573
